Workbook

Sheet pm_surya_clean
A1: state | B1: states | C1: district | D1: applications | E1: installations | F1: households | G1: installationCapacity_KW | H1: subsidy_Amount | I1: Pending | J1: efficiency_percent
A2: 1 | B2: =VLOOKUP(pmsurya[[#This Row],[state]],State!$A$2:$B$37,2,0) -> Jammu and Kashmir | C2: Anantnag | D2: 5254 | E2: 2394 | F2: 2394 | G2: 8258 | H2: 184935894 | I2: =pmsurya[[#This Row],[applications]]-pmsurya[[#This Row],[installations]] -> 2860 | J2: =(pmsurya[[#This Row],[installations]]/pmsurya[[#This Row],[applications]]) -> 0.45565284
A3: 1 | B3: =VLOOKUP(pmsurya[[#This Row],[state]],State!$A$2:$B$37,2,0) -> Jammu and Kashmir | C3: BANDIPORA | D3: 2514 | E3: 958 | F3: 958 | G3: 3266 | H3: 77300355 | I3: =pmsurya[[#This Row],[applications]]-pmsurya[[#This Row],[installations]] -> 1556 | J3: =(pmsurya[[#This Row],[installations]]/pmsurya[[#This Row],[applications]]) -> 0.38106603
A4: 1 | B4: =VLOOKUP(pmsurya[[#This Row],[state]],State!$A$2:$B$37,2,0) -> Jammu and Kashmir | C4: BARAMULLA | D4: 6830 | E4: 2132 | F4: 2132 | G4: 7490 | H4: 162755175 | I4: =pmsurya[[#This Row],[applications]]-pmsurya[[#This Row],[installations]] -> 4698 | J4: =(pmsurya[[#This Row],[installations]]/pmsurya[[#This Row],[applications]]) -> 0.31215227
A5: 1 | B5: =VLOOKUP(pmsurya[[#This Row],[state]],State!$A$2:$B$37,2,0) -> Jammu and Kashmir | C5: Budgam | D5: 5642 | E5: 1899 | F5: 1899 | G5: 6912 | H5: 143869275 | I5: =pmsurya[[#This Row],[applications]]-pmsurya[[#This Row],[installations]] -> 3743 | J5: =(pmsurya[[#This Row],[installations]]/pmsurya[[#This Row],[applications]]) -> 0.33658277
A6: 1 | B6: =VLOOKUP(pmsurya[[#This Row],[state]],State!$A$2:$B$37,2,0) -> Jammu and Kashmir | C6: Doda | D6: 2995 | E6: 1343 | F6: 1487 | G6: 4452 | H6: 95928987 | I6: =pmsurya[[#This Row],[applications]]-pmsurya[[#This Row],[installations]] -> 1652 | J6: =(pmsurya[[#This Row],[installations]]/pmsurya[[#This Row],[applications]]) -> 0.44841402
A7: 1 | B7: =VLOOKUP(pmsurya[[#This Row],[state]],State!$A$2:$B$37,2,0) -> Jammu and Kashmir | C7: Ganderbal | D7: 3015 | E7: 983 | F7: 983 | G7: 3487 | H7: 75332400 | I7: =pmsurya[[#This Row],[applications]]-pmsurya[[#This Row],[installations]] -> 2032 | J7: =(pmsurya[[#This Row],[installations]]/pmsurya[[#This Row],[applications]]) -> 0.32603648
A8: 1 | B8: =VLOOKUP(pmsurya[[#This Row],[state]],State!$A$2:$B$37,2,0) -> Jammu and Kashmir | C8: Jammu | D8: 9044 | E8: 4862 | F8: 4862 | G8: 18163 | H8: 363494901 | I8: =pmsurya[[#This Row],[applications]]-pmsurya[[#This Row],[installations]] -> 4182 | J8: =(pmsurya[[#This Row],[installations]]/pmsurya[[#This Row],[applications]]) -> 0.53759398
A9: 1 | B9: =VLOOKUP(pmsurya[[#This Row],[state]],State!$A$2:$B$37,2,0) -> Jammu and Kashmir | C9: Kathua | D9: 3503 | E9: 2083 | F9: 2083 | G9: 7264 | H9: 153415482 | I9: =pmsurya[[#This Row],[applications]]-pmsurya[[#This Row],[installations]] -> 1420 | J9: =(pmsurya[[#This Row],[installations]]/pmsurya[[#This Row],[applications]]) -> 0.59463317
A10: 1 | B10: =VLOOKUP(pmsurya[[#This Row],[state]],State!$A$2:$B$37,2,0) -> Jammu and Kashmir | C10: Kishtwar | D10: 2015 | E10: 453 | F10: 453 | G10: 1482 | H10: 34950465 | I10: =pmsurya[[#This Row],[applications]]-pmsurya[[#This Row],[installations]] -> 1562 | J10: =(pmsurya[[#This Row],[installations]]/pmsurya[[#This Row],[applications]]) -> 0.2248139
A11: 1 | B11: =VLOOKUP(pmsurya[[#This Row],[state]],State!$A$2:$B$37,2,0) -> Jammu and Kashmir | C11: Kulgam | D11: 3483 | E11: 976 | F11: 976 | G11: 3315 | H11: 74957520 | I11: =pmsurya[[#This Row],[applications]]-pmsurya[[#This Row],[installations]] -> 2507 | J11: =(pmsurya[[#This Row],[installations]]/pmsurya[[#This Row],[applications]]) -> 0.2802182
A12: 1 | B12: =VLOOKUP(pmsurya[[#This Row],[state]],State!$A$2:$B$37,2,0) -> Jammu and Kashmir | C12: Kupwara | D12: 22185 | E12: 3419 | F12: 3419 | G12: 10856 | H12: 251903850 | I12: =pmsurya[[#This Row],[applications]]-pmsurya[[#This Row],[installations]] -> 18766 | J12: =(pmsurya[[#This Row],[installations]]/pmsurya[[#This Row],[applications]]) -> 0.15411314
A13: 1 | B13: =VLOOKUP(pmsurya[[#This Row],[state]],State!$A$2:$B$37,2,0) -> Jammu and Kashmir | C13: POONCH | D13: 1408 | E13: 365 | F13: 377 | G13: 1095 | H13: 25935294 | I13: =pmsurya[[#This Row],[applications]]-pmsurya[[#This Row],[installations]] -> 1043 | J13: =(pmsurya[[#This Row],[installations]]/pmsurya[[#This Row],[applications]]) -> 0.25923295
... A774: 9 | B774: =VLOOKUP(pmsurya[[#This Row],[state]],State!$A$2:$B$37,2,0) -> Uttar Pradesh | C774: Varanasi | D774: 69186 | E774: 43273 | F774: 43862 | G774: 148231 | H774: 2904707892 | I774: =pmsurya[[#This Row],[applications]]-pmsurya[[#This Row],[installations]] -> 25913 | J774: =(pmsurya[[#This Row],[installations]]/pmsurya[[#This Row],[applications]]) -> 0.62545891

Sheet State
A1: state_id | B1: state
A2: 1 | B2: Jammu and Kashmir
A3: 10 | B3: Bihar
A4: 11 | B4: Sikkim
A5: 12 | B5: Arunachal Pradesh
A6: 13 | B6: Nagaland
A7: 14 | B7: Manipur
A8: 15 | B8: Mizoram
A9: 16 | B9: Tripura
A10: 17 | B10: Meghalaya
A11: 18 | B11: Assam
A12: 19 | B12: West Bengal
... A37: 9 | B37: Uttar Pradesh
